subreddit,title
iPhone12,Purple Flicker with Grays in Dark Mode
VIZIO_Official,D55F2 - Apple TV 4k Issue - TV randomly drops signal
politics,Paul Manafort reportedly met with Julian Assange months before WikiLeaks began dumping hacked emails
iPhoneX,Text Selection Never Works Correctly
CircleofTrust,u/scottgetsittogether's circle
playadelcarmen,Best way to obtain marijuana in Playa?
LiveFromNewYork,Does anyone have a reliable streaming site to watch SNL?
politics,WH lawyer told Trump that Flynn misled FBI and Pence
politics,Trump Takes Battle Over Travel Ban to Nation’s Highest Court
politics,Is the Centre Country DA Using a Hazing Death to Get Good Press?
politics,"So, You Wanna Have a New Election? | The Resistance with Keith Olbermann | GQ"
politics,Friday Fun Off-Topic Megathread
politics,FBI chief asks Justice Dept. to reject Trump’s claim that Obama ordered wiretap of him
politics,Sanders and Cruz CNN Town Hall Debate Discussion
politics,President Trump Attends the White House Senior Staff Swearing In
scottgetsittogether,Scott Gets it Together
videos,"Jim Carrey - ""On Golden Pond"" Rejected SNL Audition"
nottheonion,Man maintains monkey business occurring in girlfriend's Murrysville yard
CountryMusic,Nothing Shines Like Neon - Randy Rogers Band
AppleWatch,Snagged the Target $100 giftcard/ Best Buy Price Match deal today
nottheonion,Natures Promise Edamame Recalled for Undeclared Soy
AppleWatch,Use the heartrate glance as a flashlight.
pics,"9 miles from the Flight 93 memorial, you can get confederate flags and hot dog forks."
