subreddit,body
ukpolitics,"With all due respect, people are really scared about what's happening. Maybe people have been nasty to you online, and I totally understand the feeling you'd want to be nasty now as revenge.

What I'd posit to you is - be better than them. Your side won, I have to respect that. What I believe you should do is calm us down, convince us we'll be okay. Remind us that you're not an 'other', you're a neighbour.

I'm willing to get along with you if you're willing to get along with me. Let's tackle the future together, as patriots in our own way. What do you say?"
ukpolitics,"Listen, there's nothing to be gained with this rhetoric. Nobody's anti-patriotic just because they voted Remain or Leave. We need to start getting along or we're going to make things worse for everyone.

We want the same things in the end, right? We all want people to be happy and well-off in an equal society. Let's start there."
ukpolitics,Funny thing is I stocked up a few months ago because I suspected this would happen.
ukpolitics,I've always regarded every year since as being a continuation of 2016 because it's been consistently bleak.
ukpolitics,I waited seven years and got GTA V for free! Playing the long game \^\_\^
guitarpedalsjerk,"Faces in the thumbnail certainly does, I read an article about it a few years ago."
politics,"He actually spoke a little bit about this during his interview with David Axelrod for The Axe Files. His rationale was that he wasn't a senator at the time Mitch blocked Garland, so he didn't feel the precedent (which I guess he had disagreed with) impacted his position for Barrett. I don't believe he mentioned the impeachment.

(This isn't me saying I agree with him but that's basically what he said)"
malelivingspace,Pull that sofa a few inches away from the wall. It sounds daft but it will actually make the space seem a little bigger.
ukpolitics,Our elections are literally fine and I've heard not a jot about a lack of trust over the way they're conducted.
ukpolitics,Pretty sure Donald Trump did the same thing with the US stimulus checks. Not a fan of these weird pushes.
ukpolitics,Nice.
keming,You always need to double check after you paste from a PDF.
politics,I think he changed his name to Don Old.
ukpolitics,"Lest my tone be misunderstood, this is a genuine question and not a poke at you - what ""must"" the opposition do, in your view? I get as far as ""appear a viable alternative and maintain support with a broad church"", did you mean anything else?"
PresidentialRaceMemes,"I, for one, am not yet tired of winning."
ukpolitics,"Divided parties don't win elections but we're still a few years away from having one, aren't we? 

I'm sure nobody here is under the illusion that any of the Tories' disastrous decisions will necessarily annihilate them electorally in 2024 (although in a sensible world this would be the case). The same can hold true for Labour. Starmer has time to right the ship.

I don't have much to say about the decision but it strikes me that we're jumping to conclusions here."
ukpolitics,"If you're trying to satirise my position - that's not my position. 

If you're making a point of your own in earnest - hell no, that's a terrible idea."
AskALiberal,"I would recommend listening to the end of the second-most-recent PSA episode for more on what Dan Pfeiffer was proposing. It's not, like, supremely detailed but better to hear the ideas from the horse's mouth as it were."
AskALiberal,"Having something high-level on our side would be great, but in terms of what we as individuals can action, we have to work from the bottom. Conservative media is constantly at an advantage no matter who is in power. Until we have something to compete with that or some regulation against misinformation then this is all we got."
ukpolitics,Absolutely. I would say that dampening the spread of misinformation should be our top priority.
AskALiberal,"Dan Pfeiffer of Pod Save America was talking about this on a recent episode. Basically we need to start with the acknowledgement that there's a massive media machine and a mountain of misinformation against us, and we need to work from the ground up to get people and communities involved to combat it. Theirs is top-down; ours is bottom-up.

I realise it's not a direct answer to your question but I actually think this does solve it - essentially it's people believing the stupid shit that gives license for politicians to go with it. Take away the power of misinformation and you stop bad faith actors dead in their tracks."
ukpolitics,Hah! A likely story! Everyone knows a toddler's understanding of geopolitics is unrivalled!
SubredditDrama,"Well, I'm impressed. It still sounds absolutely barmy but I'm impressed.

Follow-up - what's the deal with the nobodies? The whole ending of KH2 was about Sora and Roxas coming together, thus making Sora whole, but then did they retcon it or something so that nobodies ended up having hearts?

So doesn't that make the whole of KH2 kinda pointless if Roxas could just exist on his own, and the Organisation members didn't need Kingdom Hearts to have hearts after all? Like... they could have just waited a bit?

Methinks a retcon is afoot."
SubredditDrama,"Are you kidding? KH3's plot was perfect! Very easy to understand. Let me break it down for you:

So basically there was some... hearts? And someone had a clone who was... wait, no.

Hold on, I can do this.

Ok see there's time travel and the bad guy made an army but that was only the fake plan because there's... a box? Uh...

...fuck."
keming,So what does Al do for a living now that he no longer rides?
DecidingToBeBetter,"The only thing I'd like to add is that the man who played Colonel Hall in The Phil Silvers Show - a hugely popular TV show, and a very popular character - got his first acting role in his 40s.

It's never too late."
Morrowind,"Wasn't there a mod where, once you killed 25 of them, they'd disappear forever? Basically you were doing the job of St Jiub."
politics,I think I had one day of feeling good about Biden's victory - the Sunday if I recall correctly - and since then I've felt worse than at any time since the spring.
Scotland,Now I'm all warm and fuzzy!
politics,"I am the *exact opposite* of a fan of Boris Johnson, but hearing him call Biden the President-Elect during Prime Minister's Questions today made me feel a little bit better about the state of the world."
politics,"Hi folks, thanks for all that you do. It's been clear to many of us, I'm sure, that a lack of education about polls, stats, and other factors in this election has caused a lot of problems. Are there initiatives to educate the public about all this, and if not, what should we do?"
politics,"Worth mentioning, I think, is that Hitler seized total power by suspending the constitution, then those orders to do previously unconstitutional stuff were then 'permitted'. This is a very different scenario given the US constitution is still in play here. Of course it comes down to the individuals taking and giving the orders but that's a positive."
ukpolitics,"""Hm, might this appear to be extremely racist and offensive? Should I worry about how this will come across, especially given my standing as a peer in the House of Lords and the fact I've done this very thing before and faced similar backlash?""

...

*send*"
politics,"75 million Americans plus a massive international community invested in this race!

Seriously, I know there are mixed feelings about this election - the way the Senate and House races shaped up, the fact it was much closer than it should have been - but I hope you guys have taken some time, like the people in these images have, to feel god damn proud that your vote stopped an incredibly dangerous man."
politics,"Oh yeah.

Well, this one has better stuff \^\_\^"
ukpolitics,Tommy appears on the 'Pod Save America' podcast if anyone is interested o/
politics,There are so many firsts and historic moments being set with this election and I am \*here for it\*.
AskALiberal,"Dude, if Dems don't get the Senate, then you're getting no progress at all. I would seriously reconsider this position."
politics,"In a bizarre twist, I was seeing fireworks on the night before!"
politics,DONALD YOU'RE A LOSER
politics,Nice
ukpolitics,"A small thing to add to the excellent comment that someone replied to you with - we will need to see after it's all done but I've been seeing hints that there might be quite a few Biden/GOP voters in the mix, meaning Trump didn't necessarily help down ballot Republicans. But we'll have to wait til everything is in thanks to the utter chaos President Evil and his enablers have designed."
politics,"The count is happening, I can tell you that much."
politics,"Preventing Democrats destroying the country with their wind power and tiny windows, of course!"
politics,I had 46 hour stint awake and I just managed two hours. It really is all-consuming.
politics,Hello fellow Scot! o/
politics,I don't know if you've noticed but a winner has not been declared.
politics,I can do one better and get Scotland back in the EU the next time I'm given the chance! ;)
politics,"We've had to put up with four years of utter shit from this man. Tomorrow, America bites back.

Good luck, everyone. The world is watching. End this."
politics,Not just your country...
ukpolitics,Everything this man does is bad. Even scarier is that he's successful at it.
TrueSTL,God I feel like that only brings us more questions
ukpolitics,That sounds really rough. Amd how are you yourself getting on? You've had to deal with a lot - have you got people to chat to about all this?
ukpolitics,"Well stone me, that really could be a bot or something."
ukpolitics,I just want to say that I'm really sorry about your dad; I hope he gets better soon.
ukpolitics,"Very much hoping this is England-only. Looking at [Scotland's dashboard](https://public.tableau.com/profile/phs.covid.19#!/vizhome/COVID-19DailyDashboard_15960160643010/Overview), you can certainly see areas of high transmission, but it seems a bit daft to shut down folks in the Highlands over negligible local rates."
PresidentialRaceMemes,Do we know the same person
politics,Reinforces the fact that there are very real lives and livelihoods on the line.
ukpolitics,"Soy sauce won't be more expensive than it otherwise could have been.

Yaaaaaaay."
ukpolitics,Ooh I just signed up to this! Looking forward to sticking things down my throat and gagging for Amazon vouchers \^\_\^
politics,"Crucially, the campaign press coverage for him just isn't the same this time round. His billions in free advertising isn't really there.

Sure, he gets in the news because he's the President, but his message (if he even has one) from rallies etc is lost."
ukpolitics,I hate how American this feels.
politics,"I think the saddest part is that nobody can stop it, either. If Biden wins he won't be President til the end of January, and by that point it's too late to undo the damage of the previous months."
politics,"As a foreigner, I find it baffling how \*difficult\* an election is in the US. So many places have bizarre laws, there's obvious voter suppression tactics, and groups actively litigate to stop votes being counted. It's mental.

I know the UK doesn't have much to be proud of, but elections we can do. I click a few buttons on a website to register, and on the day I go to a polling station and make a little X on a slip. If I need to do a postal or proxy vote I can get that sorted out a couple of weeks prior. That's how voting should be.

I really hope that more States start turning blue so we might see improvements in the voting process."
politics,"Hey Pete!

If the Dems get a clean sweep in this election, what should they do to make sure they keep it?"
politics,"Guys, it's Rasmussen. Ignore it but keep up the energy."
ukpolitics,What benefit would a government have of keeping that in place once the pandemic ends? It's not like a terrorism law where it results in the ability to spy on people at cost of privacy or whatnot. It's just a bit of face covering.
politics,He needs more than just his base this time round.
hardware,"This is the dilemma I have right now. My GTX 660 finally broke after seven years and now I need to replace it (and upgrade my PC in general). I was going to buy a 3070 but if the wait times are going to be this long, I don't know what I should do."
ukpolitics,"I wish I had something intelligent to respond with, but I don't, so all I'd like to say is I really appreciate such a detailed and thought-out answer to my question."
ukpolitics,Thanks for saying that. It wasn't my intention to insinuate that people aren't doing bad things - I just wanted to know how they justified it to themselves.
ukpolitics,"Maybe, uh, take a few steps away from the window. Just in case."
ukpolitics,"So perhaps they see the damage, aren't good enough to stop it, and so are just trying to spin for self-preservation? That's certainly plausible."
ukpolitics,"So I guess that's a greater good argument then, where they see the damage as worth it for a supposed long-term gain according to their ideology. Hm, yeah, I can see that."
ukpolitics,"Thank you for responding in a much more friendly tone, and I see where you're coming from.

If I may ask a follow-up, then - let's go on the assumption that's it's true that people in government lack empathy. Why do we see so many of that type of person in these positions of power right now? The vast majority of people I know care about others, so I'm quite surprised - if it is indeed the case - that the current government includes a disproportionate number of people who aren't empathetic."
ukpolitics,"My question is exactly about feelings, yes. I know politicians lie, I know they cheat, I know the Tories are awful, I know Brexit sucks. I'm not asking about that. I'm asking how they see themselves. This question isn't about facts at all, and frankly everyone else who has responded to me seems to have understood what I'm getting at."
ukpolitics,"I think you've proved my point - you see yourself as the good guy in this conversation. You've justified being rude to me by saying I need to hear it.

So, how does Boris justify letting No Deal happen?"
ukpolitics,"I have to be honest, this was a pretty rude response, and you seem to have made the assumption that I would even so much as consider voting Conservative ever. I didn't reelect any of them - in fact I voted tactically against the Tories in 2019. So you can take that back for a start.

Look, here's my point. People, by and large, see themselves as the hero of their own story. You don't see yourself as the bad guy when you do something wrong, right? Most of us don't. 

Transpose that to politics. Boris and his lot, contemptible shower though they are, must see themselves as good people, and doing the right thing. I say that because that's what humans in general do; politicians aren't 'born different' in that regard.

So with that in mind, I want to know what in their heads is justifying this. Maybe they frame it as not particularly damaging for the circles they run in - rich fox hunting types. Maybe their ideology convinces them that a clean break is necessary for the UK. Maybe they ARE evil and they revel in our misery. But even the worst people I know aren't like that."
ukpolitics,"Make no mistake, I don't have any faith in the Tories to do anything good. I'm just trying to work out what *they* see it like. 

There are very few people, I believe, who are actually awful and malicious. And I don't think the Tories see themselves as the villains. But if they think they're doing the right thing, then how do they frame this?"
politics,How does CA look down ballot? Maybe the plan is to drive out Dem turnout in the hope that voters will vote blue all the way down.
ukpolitics,"So what you're saying is, it's not necessarily that they're bad people, more that they're not competent enough to get the right stuff done? That's plausible."
ukpolitics,"I want to ask an honest question.

How could they let this happen?

I know the cynical answers of ""tories don't care"" and ""they want to line their pockets"" are commonly thrown about, and there may well be merit to them, but a big part of me refuses to believe that they would be so callous.

They know this is going to be damaging, they know it's going to be a huge blow to basically everybody, and I wager they know it's going to lose them votes. Why can't they just work this out?

I believe that people are basically good. I don't think the government sits around laughing in a sinister way at all the misery it's going to cause. But surely they know what's going on."
politics,The recent Siena College/The New York Times Upshot poll probably weighted it.
TrueSTL,Broad Howard
AskALiberal,"When it comes to societal progress, the only way to win is by increasing the number of people who support your view. We can't do that by shunning people who disagreed with you before but agree with you now."
AskALiberal,"I'm Scottish and thus, thousands of miles away, but I've taken the following day off work. I've got a bottle of vodka, a TV remote, my Bernie 2016 t-shirt, and a big map that I intend to fill in as the night continues.

I will be very, very nervous."
ukpolitics,"And the Virgin Bo-

No, that'll never stick."
ukpolitics,"How many times has this notion been rejected by MPs? Economists? Leave voters who believed in a deal? Anyone with a lick of sense?

The Conservative Party was handed a huge majority on the promise of 'Get Brexit Done', and they couldn't even do that properly.

I wish I could summon up the anger but I'm just exhausted."
AskALiberal,"It's my view that we need to do two things:

- encourage people to vote because it's healthy for democracy

- persuade people about the merits of <insert candidate/party/idea here> because we believe it's the right way forward 

Both goals are somewhat linked, but even if I can't persuade someone to vote my way, I still believe they should vote. Civic participation is really important and that's a non-partisan view. 

Do I want them to vote for the person or party I hate? Well, no. But I'd rather they do that than not vote at all."
livesound,"When I first heard it I thought ""gee, that sounds like wind"" but everything was still in the image."
politics,I love it when the kids rebel!
shittyTESlore,Maybe he can be the hero of my snatch ðŸ’¦ðŸ˜ðŸŒŠ
PresidentialRaceMemes,This is taking a fairly innocuous statement and applying the least charitable interpretation to it.
gtaonline,I often enter the car from the wrong side and watch as my character shuffles uncomfortably across to where the wheel is.
politics,"Thank you for all you do.

There's been a lot of news about court battles in the state. What ones are currently ongoing and what are their statuses?"
ukpolitics,"This is why the US election matters to us in the UK, too. A more sensible President forces us to be more sensible too, lest we look like fools alone on the world stage."
AskALiberal,I have nothing to add but I just want to say that I love this question.
ukpolitics,"I'm afraid on this topic I am a blatant partisan. If you're an American and not against Donald Trump, you're helping him win."
ukpolitics,"Oh, that was democracy all right. It's everything that's happened since that's the problem.

Your guy can't even commit to a peaceful transfer of power if he loses. In fact, he's given every indication that he won't concede at all."
PresidentialRaceMemes,"It's not the deciding factor in my mental health, but I look forward to it not being a factor at all."
PresidentialRaceMemes,"1. The US President affects us all.

2. I'm interested in US politics.

3. I can worry about more than one thing at once, and I do.

Does that answer all your questions"
PresidentialRaceMemes,"Well I'm not American so sitting out the midterms is a necessity for me I'm afraid. By that same token I'm not part of the Democratic Party. But to answer your question, no, I'm not going to stop being active in trying to improve things, nor will I stop paying attention to US politics. 

I tell you what though, I'll feel a damn sight better when that malignant authoritarian fuck is out of the White House in January."
PresidentialRaceMemes,"My mental health will improve immeasurably with Trump out of office, does that count?"
ukpolitics,And I prefer the US to retain some semblance of democracy. I hope President Evil loses in a landslide.
AskALiberal,"I don't think he will and I don't particularly think he should.

I see a Biden presidency as an end to the madness, and I reckon he does too. Almost like a caretaker. We need four years of righting the ship, fixing corruption, restoring the US's soft power, all that jazz. Once that's done, it's time to make some proper progress with a new agenda, and that's where the 2024 candidate comes in."
entj,"""Can I chat to you about something? Nothing to get anxious about but it's important.""

I like saying it this way because you're introducing it in a friendly manner, you're reassuring them it's not worth panicking over, but still relaying that the discussion is necessary. 

If it's not that important, I'd just leave out the last three words because that does slightly up the bowel movement risk unnecessarily."
AskALiberal,"https://www.270towin.com/maps/6zRbd

AZ, WI, MI, PA, FL to Biden.

Fairly conservative in places, less so in others. I took the pessimistic view that anywhere Trump was 40% chance, he was probably gonna win. FL is the only one I'm iffy on - I've given it to Biden but I don't trust that state. AZ is the opposite - I just have good vibes about it, I dunno."
AskALiberal,I half expected your dream scenario to be all 538 delegates assigned to Jeb.
ukpolitics,There's also a chance they can get better in time. I think I have to believe that otherwise I'll get really upset.
ukpolitics,You've scared me. What do you think is going to happen?
askaconservative,"What was an example of the 'mask coming off' in 538's case, in your view? With the podcast, I feel like I know none of them like Trump, but I've never heard or read anything partisan from them."
askaconservative,"Just for the record, the incumbency boost still exists in the model, but it diminishes over time til it falls to zero on election day. I don't think that's different to previous elections.

I just don't agree that 538 underestimated. In fact, here's Nate writing shortly before the 2016 election about how ""if the race tightens any further, Clinton's electoral edge is fragile"":

[https://fivethirtyeight.com/features/election-update-yes-donald-trump-has-a-path-to-victory/](https://fivethirtyeight.com/features/election-update-yes-donald-trump-has-a-path-to-victory/)

Additionally, you can see why I made my initial point that Clinton was not a 'sure thing' according to 538 by scrolling down and seeing their views both before and after the election in a table in this article:

[https://fivethirtyeight.com/features/the-real-story-of-2016/](https://fivethirtyeight.com/features/the-real-story-of-2016/)

...I'm sorry. This is ask a conservative, not debate a conservative. I probably shouldn't be doing this. But I would like these facts out in the open when someone is formulating an opinion."
askaconservative,If you're referring to prior to Super Tuesday just before the other moderates pulled out then that... sounds accurate?
askaconservative,"In my question I mentioned that Silver gave Trump a 1 in 3 chance, which is still pretty decent. He didn't guarantee a Clinton win and I don't think it's fair to gloss over that."
politics,"Not people, but Trump. The guy is an idiot but he always acts in self-interest. I don't see any way this helps him."
politics,He thinks this will... help?
entj,"I answered 'Other'. 

I've realised that what makes me happy is having loads of different experiences, and achieving many different things. I'm very lucky that so far I've had a wealth of adventures, and while I'm always hungry for more, it feels good at the time. I just need to 'do'."
entj,Making a single comment in this subreddit.
SubredditDrama,"All Biden has to/should do is stay out of it. Let Trump deal with his own mess; the investigations are already underway. That way the former doesn't look like a partisan, but also doesn't let Trump get away with anything."
guitarpedals,"There's certainly nothing wrong with your experience and it's totally valid. I personally love my BigSky, but just because I do doesn't mean that everyone else should too. 

As I recall, the Eventide Space was the big competitor at the time, so it may be worth checking out."
AskALiberal,"Thank fuck.

We're not out of the woods of course - we need Biden healthy at all times, and there's no reason he won't test positive in the future (even in the next few days) - but this is good news for now."
SubredditDrama,"If this is a sub about piracy, surely they can still see the episodes anyway **ðŸ¤”**"
Bath,Fab! Much appreciated.
Bath,"That's a great idea, do you know any of the names of these groups?"
Bath,"That's what I thought initially, but a friend pointed out that the first initial was similar to that 'T' in ""The Committee"". I read the surname as Whale as well though - nice call on the MA too!"
Bath,Bingo! Great find. :)
Bath,"Ah, right, so the Holbourne Museum is the correct one!"
Bath,"Fantastic! These are great links, thank you so much. I'm glad I posted here - I doubt I would have found much of any of this myself, lacking the local knowledge as I do."
Bath,">Kingswood School

That's a great lead! Thank you so much. I'm going to dig a little and give the school a ring - if anything interesting turns up I'll throw in an update :)"
Bath,">Holburne Museum

So it is! Odd though that the Wikipedia page for it doesn't mention the Proprietary College - I might give them a ring and ask more about it. And thanks for bringing the society to my attention, that's a great place to start :)"
Bath,"Oops, I meant 1853 as the founding year, according to a footnote in [this essay.](http://www.bris.ac.uk/Depts/History/bristolrecordsociety/publications/brs65.pdf) The only other thing I have is a [drawing of the college](https://www.bathintime.co.uk/pub/media/catalog/product/h/t/https3-eu-west-1.amazonaws.comlowres-picturecabinet.com51main6212719.jpg). I'm afraid I've never visited Bath - does that building look familiar?

Chiefly, I'm wondering where in Bath I can call to look further into this.

(Edit: I think the first image was actually incorrect. [This](http://www.rareoldprints.com/p/9183) is what I believe Bath College to be, because the name Lansdown comes up a lot. If this is indeed the place, the building became a girl's school and still is.)"
ukpolitics,"Yeah, that's what I was getting at."
ukpolitics,I think the likelihood of the SNP doing that is pretty low so we're safe :D
SubredditDrama,"That got a hearty laugh out of me, thank you for this amazing insight"
politics,"Well, he didn't leap over the table and start wailing on the guy, so that's... something."
politics,Oh my god. I knew he was a bastard but I didn't think he was borderline unstable.
Bass,"I call my blonde Mustang 'Biscuit', because it's a buttery bass."
fifthworldproblems,GDPR strikes again
ukpolitics,Is that another name for the black market?
ukpolitics,That's awful. There have been a couple of shooting stories over the summer. The thing that baffles me is where are people getting guns? We're not America; ownership isn't common.
AskALiberal,"It would be the Democrat, unless there's evidence of corruption or general dickishness which the Republican doesn't have. I'm afraid even if the Republican guy was anti-Trump, I would be worried that his apparent sense of principles would not manifest itself in his later record. See: every 2016 GOP Presidential candidate who isn't John Kasich."
ukpolitics,Something good came out of Brexit? I think I need a lie down.
jazzcirclejerk,"""Hey, Clinton! Get back to work!""

[""Make me!""](https://youtu.be/6LBc7ObmgTw)"
Scotland,\*Stob Dubh. Of course I spell the name of the bloody mountain wrong in an uneditable title!
ukpolitics,Looks like hiring that personal trainer helped - you don't notice these things as they happen but he's definitely lost weight.
Scotland,"Ooft, fair point."
Scotland,"I don't like this news, but it's what we have to do."
Scotland,"The limit outdoors is still two households, so you should still be able to if the weather is okay. I know it's not ideal."
Scotland,Maybe in future we should announce that there's going to be an announcement about the announcement.
dogelore,Bloody excellent.
ukpolitics,"Surely, SURELY they can just take the Scottish app and change some of the code. Our one works fine."
AskTrumpSupporters,For clarity - Did you mean the UK or just England? Scottish person here feeling rather left out!
ukpolitics,"There was a lockdown. We were told not to go anywhere.

An unelected beaurocrat who was already widely hated then decided the rules didn't apply to him, and made a shitty excuse at that.

Is it really so hard to see why one might be angry about that?"
ukpolitics,"Yeah. On the one hand, sure this is a newsworthy story. On the other, Raab isn't at fault here and I doubt he even picked this person to be his bodyguard. There's plenty to criticise a politician for so we should stick to that."
TrueSTL,Vote Dagoth Trump to add another malevolent deity to the Tribunal!
ukpolitics,As it should be.
Filmmakers,"Happily, my experience was that everyone ate the same food coming from the catering team. Some good stuff too!"
guitarpedalsjerk,"Ah yeah, I guess it is. I use both so I think about them in different ways. Don't I feel like quite the fool now! :D"
PresidentialRaceMemes,"This illegitimacy worry is why, unlikely though it may be, I'm really hoping for a Biden landslide. I mean sure, Trump will cry foul about it regardless, but the more he's crushed the harder it is to actually convince people of that argument. It will also hopefully offset the fuckery surrounding the USPS.

When I checked last night, 538 had the chance for a Biden landslide at 30%. Which fair enough is low, but Trump won in 2016 with about the same odds. Never say never."
guitarpedalsjerk,"I've got no insider knowledge about this, but my guess is that this will be a big box upgrade to the El Cap, since that pedal is dated and has no MIDI control.

Let's find out!"
abletonlive,"For what it's worth, after about a year and a half, I've never had an issue at a show. During rehearsals I've had bother, but that's been down to me setting up a clip incorrectly or whatever.

I imagine you're asking *for* horror stories, but I reckon it's important to talk about when they don't happen, too."
ukpolitics,"""This bill is a dead bill!"""
GuitarAmps,This amp + Stereo chorus turned on + Smiths riffs = perfection.
GuitarAmps,This is the amp for taking pedals well!
politics,"Crucially though, how does that compare to four years ago? Are there fewer supporters now?"
ukpolitics,"Joke's on them, I got a metric fuckton of pasta stockpiled this time!"
entj,"I like purple, personally. It's not too bold, not too soft, and above all, it's regal."
BossKatana,"I don't think you're gonna find what you're looking for - it's all in that right hand. Even when he plugs right into the desk he still sounds like Cory Wong.

My only tips are: clean tone; light compressor; fourth position. This is all I know."
DoesAnybodyElse,"How do you love yourself anyway? I get the whole self care thing, I reckon I even do it, but I don't feel like I *love* myself, especially not more than before I started.

On top of that, when I have been with someone for the brief times it's happened, I have a great time and am super happy! Sure that could just be the honeymoon period, but in these situations I finally feel content."
cookingforbeginners,Omelette is easy and only takes a few minutes; very difficult to get wrong. I usually throw in some ham and cheese and it becomes pretty filling!
ukpolitics,"I don't believe this is an argument about the merits or morality of the law it's trying to break - I'm against the government breaking laws it sets and agrees upon, period. If the law doesn't work, the law should be changed, not broken.

And, as others here and elsewhere have said, in this case it risks international blowback. Again I'm not up on the details so I'll defer to them on that."
ukpolitics,"I imagine it's a bit less than 52% now. Hell, Leavers might well be in the minority these days. 

But, will of the people and all that.

Fuck me."
ukpolitics,"I'll be the first to raise my hand and say that I don't know this whole story, and I'm not savvy enough to understand the ins and outs. But.

Our own government is wanting to break a law, does it really matter beyond that? It doesn't matter what law it is, that's bonkers."
PresidentialRaceMemes,"I mean, they're still a problem. [Bills have been blocked](https://thehill.com/homenews/house/482569-senate-gop-blocks-three-election-security-bills), [briefings have been halted](https://uk.reuters.com/article/uk-usa-election-interference/trump-administration-halts-election-security-briefings-democrats-complain-idUKKBN25P0RP), and this is all while the intelligence community has concluded that [Russia are still interfering](https://www.nytimes.com/2020/08/07/us/politics/russia-china-trump-biden-election-interference.html). I don't think this is something to be dismissed lightly, although [the President seems fine with doing so](https://www.bbc.com/news/world-europe-44852812). I agree with Democrats sounding the alarm.

However, the election hasn't happened yet, and the Biden/Harris ticket may still win, which was my main contention."
PresidentialRaceMemes,This meme doesn't make sense - we haven't even had the 2020 election yet.
ukpolitics,Is this anything we can do to stop this torrent of shit beyond waiting for the next general election? I'm stumped.
ukpolitics,Ed's getting in some spicy bills there
ukpolitics,"I don't see any reason why the UK government are blocking the ""fix room"" idea. What's the harm in having a trial of it? Health issues shouldn't be political."
unpopularopinion,"I guess it was satisfying in the sense that it was a worthy conclusion (especially compared to the novella), but you're quite right that it didn't give me the warm fuzzies :D"
unpopularopinion,"Most satisfying horror film ending I can think of. Absolutely brutal, as it should be."
guitarcirclejerk,Knew it
entj,Ow.
PresidentialRaceMemes,"Grandnephew to JFK and grandson to RFK, yeah. Markey's a progressive guy so this is a win."
ukpolitics,Aw fuck. I was really hoping this wouldn't happen anytime soon. I was partially basing my vote on how Brexit turns out.
politics,I didn't wanna use the word because I wasn't sure if it was ok :(
politics,"This is, disturbingly, happening across the country. Here's a message my long-distance partner sent me from Baltimore yesterday:

""A car pulled up next to my house and two men got out, and they stood in the alley next to my house across the street basically yelling they were prepared to fight, and the mexicans and n***os were ruining the country and they won't accept cretins in the community. For 30 minutes. After they didn't get a rise they left."""
todayilearned,"""Don't disturb my friend, he's dead tired!"""
SoulsSliders,Nailed it!
ukpolitics,"I'm a little bit younger but same boat as you. So why is that feeling there?

I've been trying to do more - started bagging Munros a month ago and while I had the initial feeling of accomplishment, it's waned a bit. One Munro was a big deal; 11 not so much.

There's that saying that happiness is moving forward. I wonder if success is achieved by continually pushing yourself and doing new things. It's the only thing I can think of to keep feelings of inadequacy at bay."
ukpolitics,"Yeah, these are very relatable feelings even now as an adult. Hell, I've got a stable and decent life and I still find myself constantly anxious. Even when you don't fail, that feeling doesn't leave you."
politics,"I had many of them down as a lost cause, I'm sure quite a few of us did. I'm glad they're ready to vote President Evil out."
skyrim,"When you think about it, isn't every mod a game-changer?

ðŸ¤”"
politics,"Makes you wonder why Trump focuses on TikTok specifically. Sure, we might all agree that there's probably some privacy fuckery, but you can bet the President didn't care til they booked up all the seats at his rally."
politics,I think you're right!
politics,"A podcast I was listening to (I forget if it was 538, Pod Save or Campaign HQ, sorry) did make the point that someone flipping from Trump to Biden is essentially a net +2 (-1 Trump +1 Biden) as opposed to someone turning out for Biden (+1 Biden only). Of course, both are good, but for every person who can move away from Trump, that's even more promising."
ukpolitics,"Possibly a bit of a dick move to enact it during lockdown but to answer the question posed by the title, I don't see any issue with it. If the law should be changed then the country has the power to change it without royal intervention. To that extent it doesn't really matter where the law came from in the first place."
politics,Nebraska's senator is also supporting Biden.
shittyTESlore,That guy looks Hist off.
insaneparents,"It's a Scottish thing. Short for ""mongoloid"", I think."
politics,Mon then!
gtaonline,I got a good chuckle out of that! I love it when everyone plays along.
ukpolitics,Yeah definitely. Once Brexit is settled we'll be able to get a better idea of how the country is faring.
ukpolitics,":O

Ach well to be fair I'm not entirely sold on a Yes myself, still on the fence. I think we should wait quite a bit longer before having another referendum because right now things are too turbulent."
ukpolitics,When I see polls about this I like to chime in and say I voted No last time because I wanted to stay in the EU. I won't be the only one reconsidering for the next time round.
MovieDetails,"To paraphrase Simon Mayo, I loved every minute of this film, and I couldn't wait for it to be over! Never has a movie made me so gripped yet so bloody uncomfortable."
ukpolitics,They probably *are* doing the best they can. Which is... worrying.
dndmemes,"Even as a Scottish person, I do that voice that Americans think is Scottish when I play dwarves. :D"
PresidentialRaceMemes,"If after four years of a Trump presidency, with all that he's done and all that he's doing now, all you can do is simply say ""oh well"", then I despair. 

It's been absolutely awful watching all of this unfold from across the ocean and I'm even more terrified now than I was four years ago; I'm not even the person living this. Everything is worse for him being in power, and you have the chance to stop him and thwart his attempts at a literal rigged election. Surely you can see how fucking scary that is? A rigged election! This isn't about voting for someone, it's about stopping the worst President in history, and yes I'm including Buchanan in that."
PresidentialRaceMemes,"Ilhan Omar, not two weeks ago, won her primary against a well-funded establishment challenger. The change is possible even if it's an uphill battle.

As I said in my first comment, the two main candidates are Donald Trump, who's trying to prevent people from voting or having their votes counted by gutting the post office and trying to find ways to block late arrival ballots, and with four years of corruption that would make Nixon blush, or Joe Biden, who isn't that person. Literally any other election bar 2016 I would say vote for who you want, but this is far, far too important. The man simply must be stopped."
PresidentialRaceMemes,"But you don't have progressives controlling the party, that's what I was saying. Bernie did a good job moving the platform left, and AOC and co have proved pretty formidable. But that's kinda it, at least at that level.

It's not about easing any conscience. I've said this in other comments, this election needs to be a solid rebuke of Trump's horrible ideology and corruption. Because if he wins, all of that is validated by his supporters and enablers, and then you're really fucked. Realistically the next President is going to be from one of the two major parties, so the only way to heat Trump is to vote for the other viable option, which is Biden."
PresidentialRaceMemes,"I hate to say it, but if you needed lots of progressives in office to fix the climate now, then yeah, that sort of process should have started quite a long time ago. But since you don't, right now there's still one potential viable President better than the other on this issue, and it isn't Donald Trump, I think we can agree on that."
PresidentialRaceMemes,"Were the US not a two-party system, I'd suggest voting for a different party. But with the situation as it is, if your establishment Democrat isn't amenable to supporting a policy you find important, then you need to primary them and on top of that, do all you can to place progressives in the party wherever possible. That's your way forward."
PresidentialRaceMemes,"Well, I've made my case as best I can in my original comment. I'm a progressive myself, I even phonebanked for Bernie (legal as a foreigner as it turns out, definitely a loophole needing closed there). I'm not a neoliberal nor am I any sort of political science expert. But in a two-party system which stifles third parties the change clearly has to come from within, and that's why I advocate this position. 

By that same token, I think the current President is too dangerous and I'm incredibly worried that a split on our side of the aisle is going to cause him being re-elected. Frankly, he's done too much damage for too long. We either rebuke his corruption and vile ideology or we validate it by him winning a second term."
PresidentialRaceMemes,I mean I didn't really expect anyone to argue against party reform being good so... ok?
PresidentialRaceMemes,"I'm not sure where we're having trouble here. Electing progressives makes the party more progressive. If you're talking about big money getting in the way of a progressive then that's a challenge to overcome, yes. Ilhan Omar managed it not a couple of weeks ago. It can be done. And again, this wouldn't be the only place in the party where you would be pushing progressive policy and members."
PresidentialRaceMemes,So we agree. I'm not sure what the issue is.
PresidentialRaceMemes,"Yes, she is further left than the party itself. With more like her, the party would shift."
PresidentialRaceMemes,"Nice of you to tar me with that brush. But the answer is all of it - you need progressives active at every level to make a progressive party. And progressives do exist within the Dems - the Squad didn't get there on their own, they had voters and others working with them. If you want a Democratic Party you'd be happy voting for, that's what you have to do. I'm not an expert, it's just common sense."
PresidentialRaceMemes,I was talking about change within the party. The second paragraph in my original post outlines why a vote for Biden matters this time.
PresidentialRaceMemes,"I see where you're coming from. My reasoning is that, well, even if you didn't think Biden was the most viable to beat Trump out of the Dem candidates - and for the record I'm a Bernie supporter - he's now the (technically still presumptive) Dem nominee. I think everyone acknowledges that a third-party candidate isn't going to secure the Presidency against the two massive parties. So, in terms of the options available now, Biden \*is\* the only viable candidate to beat the incumbent.

I don't intend to hurt any feelings by saying that, and in any other election (except 2016 for the same reasons I'm outlining) I'd say vote however you want... but this threat, as I said above, is existential. Trump, his ideology, and his corruption need the strongest rebuke possible or every awful thing you've experienced so far gets validated in the eyes of his supporters and enablers, and it's going to get even worse."
PresidentialRaceMemes,"If you're not happy about this ticket, consider that change starts at a much lower level than this. To have a progressive party, there need to be a lot of progressives in office. To get them there, it's about voting for them in local elections, primaries. Start small and work up. I believe a progressive Democratic Party can exist, and I believe America can be made better for it.

But right now, there's an existential threat sitting in the White House and you guys need to get together and vote for the only viable candidate that can oust it. The current President's in the process of rigging the election, for god's sake. How much more motivation do you need?"
dogelore,"As I recall, you have to be committed to a mental institution first."
relationship_advice,"Wow, hello me at age 21! I'm 25 now and I could have written this post today.

So I'm pretty much exactly like you, only with a few 'relationshippy' experiences lasting a few weeks each under my belt. What I have learned is that there's a cycle to it - you become 'ok' with being alone, then you maybe meet someone and it feels amazing, then after it ends you realise you're not really ok with being alone after all and you were just pretending. But you try to make it work, get to a point maybe in a couple of years where you feel ok again... and then it repeats.

Maybe this isn't you, and if that's the case I apologise for projecting. But frankly I've decided I'm *not* ok with being single and as much as it bloody hurts I'm not going to pretend otherwise this time.

Now, advice. I think you're actually doing the right thing, which is what I'm doing too. As a general notion, anyone you end up with will want to see you as a catch, right? Getting a degree, a job, a stable life goes a long way. For me, I've started learning more complex dishes to cook, have taken up hiking, improved my diet, and have started decorating my home to look nice to visitors (because that's part of the overall impression).

So, basically I think you should keep doing what you're doing, because it makes you attractive to a potential partner. You can start trying to find one whenever you like of course, but if you want to retain the focus on your career, do that first! Single people still exist at age 25, fewer in number sure but all very lovely."
Keep_Track,This actually makes me feel physically unwell. And being a foreigner I am utterly powerless to do anything about it.
baltimore,"Hm, that's a fair point and not one I'd considered. I suppose I could still go down the restaurant route if I was sure they already did take-out."
baltimore,That's a lovely idea! I wouldn't mind a late night to have dinner with her. I might even look into some of the places she took me to when I visited her.
baltimore,Gives you hairs! ;)
baltimore,">Codetta Bake Shop

That's a great idea! I just looked at their site - their cupcakes look delicious, and not expensive either which is good for the wallet :) Thank you!"
askaconservative,"Ah, thanks! Our hospitality is a point of a pride for us in some ways. It's been nice living here during the pandemic; I've taken up hillwalking as a socially-distant hobby and it's made me appreciate what we have at our doorstep.

I think Starmer has a really sincere shot at becoming PM if things keep going the way they are. He's been very effective at getting through Boris's bluster - 'forensic' is a word I've often seen bandied about and I have to say I agree. The guy was one of the country's foremost human rights lawyers, after all. Starmer pins Boris down and doesn't let him get away with showmanship. Even many conservatives concede on that point.

Corbyn wasn't popular (that's a whole other topic!), and for many, Starmer represents a return to the broad church that Labour was under Blair. You can see how the approval ratings have shifted to them being almost equal. I actually think he's a lot more to the left than people maybe give him credit for, but as with all things it's about optics.

Not to mention, by the time of the next election we'll have had a Tory government for 15 years, which is a long time to be in power. A lot of things have gotten worse, and we haven't even had Brexit yet (it's happened on paper but we're still following EU rules til the end of the year).

I genuinely think there's a good shot."
askaconservative,I'm sure we could spend a long time debating whether it's feasible or not. But I thought it important to clarify the position because it does seem to me that 'socialism' gets treated as a bit of a boogeyman when a) lot of people actually mean a social democracy which b) working models exist of (that's the aforementioned Nordic model).
askaconservative,"No, I'm from Scotland, which is actually somewhat closer to the Nordic model than perhaps a lot of people are aware of. However, I do spend a lot of time talking to Americans on the left through Reddit etc, so although I won't presume to know what everyone on that side of the aisle thinks, most of the folks I've chatted with like the Nordic model and definitely do not want a Venezuela situation."
askaconservative,"I'm sorry, I'm a liberal visitor, but I really need to address that last point. Nobody wants a Venezuela situation. If you want to know the vision that people who advocate for this want for the US, go look at any countries who use the Nordic model - Norway, Denmark, and so forth. Essentially you're looking at capitalism plus social benefits."
gtaonline,"I fucking hate Stuart Little. I know what youâ€™re thinking, this is some kind of funny joke, but no. Stuart Little is a piece of shit. A damn rat got picked over actual children at an orphanage and heâ€™s supposed to be a hero? And I canâ€™t even tell you how many damn times Iâ€™ve seen a great parking space only to turn the corner and realise Stuart Little is already parked there in his stupid little fucking convertible. He took my wife and the kids and my house and my job. I swear to fucking god, Iâ€™m going to kill myself and take that goddamn rodent to hell with me. Stuart Little has ruined my family. Last summer, I approached the miserable mouse in the street, and asked him for his autograph, because my son is a huge fan. The fucking rat gave me the autograph and told me to burn in hell. Later, when I gave my son the autograph he started crying and said he hated me. Turns out the mousefucker didnt write his autograph, no, he wrote â€œyouâ€™re a piece of shit, and i fucked your momâ€. Iâ€™m now divorced, and planning a huge class-action lawsuit against the white devil that ruined my life. Your time is almost over, Stuart. All the people youâ€™ve wronged will rise against you.

Great job on the lookalike though OP!"
politics,"In the r/politics chat we had a bet going on how long it would take before Trump called her ""nasty"". Trump is depressingly reliable on this front."
politics,"How about I don't do that, and phonebank for Joe Biden instead?

[It's legal, you know.](https://www.fec.gov/updates/foreign-nationals/)"
politics,o7
politics,"Alright, fine. Now let's fucking win."
ukpolitics,This is what I mean when I say the organisation isn't the movement.
gtaonline,"Checking on that wheel was the GTA equivalent of ""Have you finished with those errands?"""
ukpolitics,>Let's not tire ourselves out with the debate.
ukpolitics,"Look man, I'm not gonna offer my opinion on these three people holding signs you saw. I don't speak for them, and I certainly don't speak for any movement. I had a few observations about the messaging and composition of a rally I attended and that's all.

If you don't believe police brutality and disproportionate violence towards people of colour by law enforcement exists in America, after everything, then I don't think anything is going to change your mind. Let's not tire ourselves out with the debate."
ukpolitics,"Yeah but what I'm getting at is - well, two things there. Firstly BLM as an organisation does exist, fair enough, but there is a larger movement that doesn't necessarily align 100% with them. My second point would be that, like I said, the BLM movement here has a slightly different flavour which is a bit more local and (going by the rally I attended) focused on general racial prejudice as opposed to policing specifically, and by extension defunding. It's notable that the BLM rally in my city was organised by someone I know personally who isn't, as far as I know, a member of the organisation at all. I believe she did it under her own steam.

I do get what you're saying, because yes the BLM site absolutely does discuss police defunding so that is part of the organisation's goals. But for a *movement* so large and multi-national I'm not sure we can take that idea and assume it applies to all the people/countries participating."
ukpolitics,"I'm not sure I agree with that, as someone who went to a recent BLM rally to see what it was all about. The movement as it stands on this side of the pond is a more general anti-racism movement, and the speakers they had did talk about their experiences with racism (because it does of course exist everywhere).

I'm in Scotland, and for a fairly homogenous nation I would have thought the crowd was like... 30% non-white? Which does seem to suggest it's a fairly diverse group. 

Finally, although I did see one person with a 'defund the police' sign, as I said above, I think BLM here is more general than that. Unlike America where they quite rightly make that a focus, the UK does not have a police violence problem."
outside,"This isn't a level - yet. What you're seeing is, in fact, an early tech demo for one of the new snowboarding maps. They've built the models but haven't placed any of the textures yet, which is why it's all white."
ukpolitics,"I can see where you're coming from, but I reckon you'd still run into difficulties there. Thinking again of my commute, there are two points where two lanes going in one direction exist, because at the end of these sections the lanes go in different directions. I dunno how you'd get around that part."
politics,"A Biden/Doocey ticket is one hell of a curveball!

...do I really have to put an ""/s""? It's literally the joke Biden was making in the video."
ukpolitics,"If they're able to put in the infrastructure with these funds, then I'll be very impressed - at least in my city, I can't really see where the accommodation could be made.

I agree with the 66% here about it being dangerous. My office is only a ten-minute car ride away and I've often considered buying a bike for the short journey that it is, but Christ almighty is the traffic mental in the mornings."
politics,"And yet say I, ðŸ¦€ðŸ¦€ðŸ¦€"
politics,ðŸ¦€ðŸ¦€ðŸ¦€
Minecraft,That's his baby nose. It falls out when you're a child and another one takes its place.
SoulsSliders,"Because someone else, like me, will be curious: [http://www.scpwiki.com/scp-096](http://www.scpwiki.com/scp-096)"
WeAreTheMusicMakers,I bet he's never played an instrument in his life!
beatlescirclejerk,That Love album annoys me because songs end prematurely and there are transitions everywhere :(
Scotland,"It's been a long time since I last sat an SQA exam, but today's debacle has reignited my white-hot hatred for the institution. This needs fixed **now.**"
ukpolitics,"Well, it worked. They got us to blame ourselves."
TrueSTL,Fucking Dagoth Urgers hahaha
AskReddit,I've never thought about it like that; you're so right. Brilliant analysis!
SoulsSliders,"Hey, that's Sam Witwer! I recognise him from The Mist."
ukpolitics,"Out of curiosity, does word tend to get round about this sort of thing? Would most London journalists (not sure if that includes you) know which MP it was already, even if they can't publish this info?"
ukpolitics,"Thanks for pasting all this OP, that was a good read."
altdogelore,le sense of decency has not arrived
politics,I think Swelwell growing that beard gave him enhanced debating powers.
politics,For a few months now I've had my money on Duckworth (figuratively). Let's see if I'm right!
gtaonline,"Fortunate Son goes with everything:

[https://www.youtube.com/watch?v=uvs7LZit3lQ](https://www.youtube.com/watch?v=uvs7LZit3lQ)"
ukpolitics,JRM in Dundee is a classic video that everyone should watch. I'm fairly certain he didn't understand a word the locals were saying - and nor did the TV show because I'm sure they left a c word go uncensored.
gtaonline,"My mistake, I meant to say ""lobby"". But yes I agree, it's pretty shocking."
gtaonline,"Modders, even nice ones, seem to cause connection issues in a server. Loading times are extreme and I'm often stuck trying to enter a building."
ukpolitics,Wacky George do uncharacteristic thing
ukpolitics,This is a huge multi-faceted question that I'm uncomfortable seeing a yes/no poll for.
guitarpedalsjerk,"I think this post has shifted me from ""never buying a JHS pedal"" to ""telling everyone else not to buy a JHS pedal either"""
Scotland,"Sloppy move from Starmer here, I quite like him otherwise but he goofed this time."
entj,I keep myself busy so I don't really have time to think about it. That then means that when I'm at home at the end of the day I enjoy it because it's a chill out time.
ukpolitics,That was a depressing read but bang on the money as far as a summary goes.
ukpolitics,"Indeed no. But two things:

The chopped tomatoes, according to my cans, are from Italy

If there's a shortage of food of one type, people are going to buy something else. There's a potential shortage no matter which way you cut it.

And, as a bonus, if I'm wrong then I just don't need to buy as much during some of my shops next year. :)"
ukpolitics,"""And don't get me started on grandad himself!"""
ukpolitics,And this is why I'm buying a little extra during every shop and putting it away in a cupboard.
dogelore,"I don't think it's a bad rule, but I think the enforcement of it needs to improve or eased slightly. There are posts that are of decent quality that get removed, so I think it should only apply to the really obviously bad posts."
SoulsSliders,You dirty old man!
skywind,Amazing work. I wasn't sure how you could make it more horrifying than the original but by gum you did it!
ukpolitics,Wat
ukpolitics,"Thank you for your reply, and for linking that other comment! Something that gives me hope is that it doesn't feel like we're as excessively partisan as our American cousins, and we can disagree without having a verbal punch-up. I do wish we had more conservatives speak up though because the silence was concerning me. Sorta like a tacit approval. But these comments here have reassured me.

Right now I think the UK is in a shit situation, what with covid and Brexit on the horizon. But I've seen good people on both sides of the aisle, so that gives me a bit of hope that at some point we can claw ourselves back from this bizarre place."
ukpolitics,"Thanks for weighing in! It's refreshing to see conservatives who are unhappy with the current situation. Seeing how some American conservatives have doubled down on Trump in spite of everything was making me worried the same was happening here, so I'm glad for your comment."
ukpolitics,"Thanks for your response! I liked Rory too, it's a shame he's no longer in Parliament."
Keep_Track,"Oh sure. I guess I just wanted to make sure nobody read it as ""X% of people who get covid will have long-term issues"" because the study was based on people discharged from hospital."
Keep_Track,"I don't want to take away from the severity of the situation or the suffering of those with persisting symptoms, but as you mentioned in your passage, that Italian study was done on those discharged from hospital, so they had particularly severe cases to begin with. However this is still a huge issue and even one additional person who has their life ruined by this is one too many."
ukpolitics,"Out of curiosity - assuming the capital C in Conservative means you're a member - did you vote in the leadership contest? And also assuming this administration carries on the way it does, do you see yourself voting Tory in 2024?"
entj,"Agreed. If you commit to something you should stick with it, or change plans with enough notice, unless there's a good reason you can't. Flakes are incredibly frustrating."
PresidentialRaceMemes,With your current guy it's a headline like that a week. Sometimes two. I think we need to get rid of him.
PresidentialRaceMemes,"Unfortunately the drone strikes have increased under the Trump admin, it's just not something we hear about.

https://chicago.suntimes.com/news/2019/5/8/18619206/under-donald-trump-drone-strikes-far-exceed-obama-s-numbers

Just grabbed the first result but there are others if you type in ""Trump drone strikes""."
politics,"It'll already be above the 100k mark, frankly. It's not hard to imagine that there are 23k people who have it but haven't been tested."
AskALiberal,You know that's an excellent point. You've made me appreciate it a little bit today. :)
AskALiberal,"I disagree, and I'm gonna tell you why!

I'm from the UK, where our National Anthem is 'God Save the Queen'. Off the top of my head, that song spans a minor 6th interval. Doesn't go very low, doesn't go very high, which makes it pretty easy to sing by most people. 

Then we get to Star Spangled Banner. The range is just about TRIPLED. We're talking an octave and a half here. Some people can sing that range but damn if it ain't a stretch. You're then further limited by what key you can put it into. If you play it in Bb (as American Songwriter seems to allude to as a decent key for it), your poor citizens end up reaching for a high F! Basses and baritone 2s will struggle there, and conversely a the lowest note - the Bb - will prove a challenge for sopranos. 

It's a great tune, don't get me wrong, but if your anthem is a *challenge* to sing, then it's possibly not the most appropriate anthem. Not that I'm advocating it be changed, of course. It's just been a peeve of mine."
PresidentialRaceMemes,It's times like this where I think we should all unite and vote for the most viable alternative to oust him from office.
gtaonline,"To jump on this necro'd thread:

Having just contacted support, I've been told that Twitch Prime discounts appear 72 hours after your first log in and claim your reward, which in turn is 48 hours from first linking the accounts up. Assuming something hasn't messed up, as some of the others here have experienced."
ukpolitics,Based and morningafterpilled
altdogelore,I think I saw this guy in an animated Disney flick.
ukpolitics,">A picture of the Slovakian president in March for comparison.

I like how her mask matches the outfit. Turns out you can look pretty sharp even with one on!"
politics,"Kinda surprised I'm reading an opinion piece on Robert Mueller's SC work by the man himself. He's kept pretty quiet about the whole thing from my recollection. Even his testimony after amounted to ""read the report""."
keys,"In terms of the Reface CP itself, I believe you'll still need access to the hardware controls for changing sounds, but you can hook it up to a master keyboard of your choice. Here's a tutorial:

https://youtu.be/y9Z_3fuNpLM

Add in an extension for your keyboard stand and you're set!

Remember also that the Reface does have a line out so the speakers aren't relevant."
politics,"Please get rid of this guy, America. Please."
ukpolitics,"Heh, I'm glad they thought of that exception because that would have been a heck of a catch-22 otherwise!"
ukpolitics,"It was the best of times, it was the blurst of times."
ProgrammerHumor,I don't have any .io domains so I dunno why you're telling me specifically. o_o
ProgrammerHumor,"It's just supposed to be kinda catchy, and in many minds a reference to 'input/output'. In reality the domain is for the Indian Ocean."
entj,For real. People have a go at me for posting the most innocent comments here and I never quite understand why. There's nothing to be gained by being an asshole to strangers online.
ukpolitics,"For real. I'm doing a two-month lag on whatever the current policy is. Luckily I live in Scotland, so the approach is more cautious anyway. If I lived south of the border I think I'd be staying in for even longer."
gtaonline,"I go for 20% cut for participants, that seems to work out pretty well as a policy. If someone sees through a bunch of the heist preps that bumps them to 25%. I always just ask for 20% when I join someone's heist."
Epstein,Holy fucking shit.
ukpolitics,"LIB DEM SU-

Oh."
AskALiberal,"I've had the sense that Biden was pressured into running out of a sense of obligation, so I'm not sure he wants to do much more than oust Trump, right some of the previous administration's wrongs, then retire.

More speculation, but since a VP has some clout, I might wonder whether the plan would be to have Biden do four years then get the veep to run.

Of course I could be wrong on all these counts. But that's my train of thought."
ukpolitics,"Not sure if you're serious, but recall that spell of Iranians getting alcohol poisoning."
abletonlive,Seconded. This has been my best Ableton-related purchase.
worldnews,"Hm, I suppose I was trying to frame my comment in terms of how Starmer would have seen it. I'm fairly neutral on the issue myself (although I do like Starmer), but I understand how it might have read that way."
cookingforbeginners,"Tomato soup is probably the easiest thing ever. Just put some things in a pot, mix it and let it cook for a bit, then get the hand blender and go to work on it. Easy as that! I usually sautee onions in mine but you can even skip that step.

Then you realise that you could put literally anything in there - peppers, veg, etc - and voila, even more new dishes.

And then! Well you discover you're not too far away from a tomato sauce for a pasta, so you can make that. And what's this? Why, you're only a packet of mince away from bolognaise! Some kidney beans and spices, that's chilli. Tuna pasta requires but one tin of the stuff.

So yeah, tomato soup is my two cents. You can go really far with minor changes thereafter!"
worldnews,Aw. :(
worldnews,That's fine. I was just explaining the rationale.
worldnews,The more you know! Thanks for the info.
worldnews,My Alistair Campbell action figure talks to me O_O
worldnews,"They're raising their kids in the Jewish faith, so I was under the impression he'd possibly converted but you could be right."
worldnews,"Ah, I didn't know that part, thanks for the addendum."
ukpolitics,lol trump
worldnews,"Definitely. He was going to have to take a hard line regardless, but it worked out pretty well for him that it was RLB who went there."
worldnews,Yeah I'm not too fussed to be honest. I was just wanting to explain the rationale behind the decision.
worldnews,"Not quite the story and not quite the reason - Starmer fired Long-Bailey for retweeting a video interview during which the interviewee put forward that Israeli secret services were training US police in brutal tactics, such as kneeling on necks. Despite the wealth of legit criticism you can throw the Israeli government's way, there's no evidence of that.

The Labour Party has been dogged with antisemitism accusations over the past few years, and part of Starmer's task was to win back trust on that issue. The firing may have seemed unnecessarily harsh but this was part of that strategy. Zero tolerance and all that.

Secondly, it also removes Long-Bailey, part of Labour's more... well, radical side maybe isn't the right term but you get what I mean. The Corbyn lot that proved pretty unpopular with the voting public.

Starmer and his wife are Jewish, but faith hasn't featured in his politics as far as I know. I think chiefly this move was to get the Jewish community back on side with Labour, and removing Long-Bailey from the shadow cabinet deals a blow to the hard left. Two birds one stone."
askaconservative,"A quick google says 1.7%, which seems like quite a lot to me. In any case the guy above was talking about the number of sexes, which - if you exclude the intersex people - is not really the point of contention in right vs left."
askaconservative,Or oblivious to intersex conditions I guess.
TooAfraidToAsk,"You've probably got all the answers by now so I just wanted to say, that's a brilliant username. Hats off."
ukpolitics,Can't Purge the Sturge
altdogelore,"I would love this image without the text, if anyone could oblige."
relationship_advice,I'm grinning at your update. So glad things worked out in the best way!
buildmeapc,"It's an Intel Core i7 3770K 1155, according to the email I have of the spec. I also have 16GB RAM and an Asus 1155 P8Z77-V for the motherboard... I'm not sure if those are relevant but there you go :D"
buildmeapc,"Wow! Times have certainly moved on. I've been really impressed by my 660's resilience so the fact you say they blow it out of the water is really encouraging.

While I've got you - I've been reticent to consider AMD because I've relied a lot on Nvidia's Control Panel to fix graphical issues with games (adding AA where none existed, for one). I've also heard people having difficulties with the former. Are there any valid concerns about switching to AMD or am I just being silly?"
askaconservative,Where does the other income come from? I'm asking genuinely because I'm foreign and I don't know.
YourJokeButWorse,"Ah yes, the two genders:

Your joke, and worse."
entj,Ok
battlestations,Very nice! What monitors are those?
AskALiberal,"I feel absolutely crabulous. 

ðŸ¦€ðŸ¦€ðŸ¦€"
PresidentialRaceMemes,"Well it would fuckin' help wouldn't it? Jesus. 

If we bashed Trump for leaving it then Biden promising to rejoin is a good thing, right?"
ukpolitics,"In terms of the UK, correct stance to take."
musictheory,At lot of The Smiths tunes are like that and I always have to put them down 0.2 semitones :(
ukpolitics,"Despite all our shortcomings, I always thought that at least we weren't as bad as our American counterparts. I'm not sure I'm right about that any more."
politics,"I'd much rather his knowledge came out during a testimony. Fine, I'll amend my statement - get his info however you see fit but don't give the bastard a penny."
politics,Nobody buy this book. Leave it to the journalists to pick through it and get the stories. Bolton doesn't deserve the sales.
ukpolitics,"All it needs is a ""the people of Scotland"" thrown in and you're all set!"
ukpolitics,"Oh jeez, really? I don't suppose you know why?"
ukpolitics,"Excellent read, this. And scary."
ProgrammerHumor,"What if they made Simpsons porn illegal?

One fear"
ukpolitics,"Ah, great news, thank you!"
cheemsburbgerlore,The deepest lore
ukpolitics,Does anyone know if this affects Scotland or is that a devolved policy? I seem to remember the Scottiah Government having their own plans for legal gender change but I don't know whether this supersedes it.
elderscrollsonline,r/molagbalvore
ukpolitics,I disagree. Labour have been gaining a lot of ground - that's a +9 lead right there - and only half a year since their resounding defeat? Not bad.
LilGrabbies,God damn that's cute.
2020PoliceBrutality,"Given this is police brutality sub, I got worried for a second that something bad had happened in my country. Glad to see I was mistaken!"
OldPhotosInRealLife,"Right!? It's like every old-timey photo, it's so... open."
ukpolitics,"I, too, heard 'fuffed'."
elderscrollsonline,"Yeah, when you first arrive there's literally nothing there, just forest. I think you need to firstly see... Carinus Magius at Fort Frostmoth? This is reaching back 15 years but I think my memory is close!"
elderscrollsonline,"In the Bloodmoon expansion, it's a colony that you help build as part of the questline. If you've met Falco Galenus, he's the guy you assist."
elderscrollsonline,Wasn't it cool how much Raven Rock had changed between Morrowind and Skyrim? I was a bit disappointed they changed the fort layout but the fact that the Factor's House was still there was really neat.
ukpolitics,That's going to kill off a lot of tours. Even those who meet the criteria probably aren't going to want to fork out that expensive visa on already-expensive tours.
ukpolitics,The press better not let up on this.
ukpolitics,"This could be the thing that finally gets him thrown out. I notice that Shapps was given a grilling about it by Andrew Marr today instead of talking about infrastructure as I'm sure he hoped to do. 

Calderwood, after an initial offer to do so, resigned after two things - a revelation of a second trip, and every question asked of the Scottish government being about those trips.

Now Dom has the bullish tactic of denying everything vehemently and effectively telling everyone to fuck off, but if these questions make him enough of a liability then he could be removed."
rockstar,"It's a real shame that you \*have\* to sign in for a game that has a single-player mode.

I have sympathy for the servers taking a dump (it happens, and there has been an influx of players, including me), but I didn't even want to play online today!"
ukpolitics,Delicious.
homesecurity,"Understood, thanks for the clarification."
homesecurity,"If it's free, I'd like to know why."
altdogelore,"""Oh cheemsburbgers!"""
ukpolitics,"What the fuck is this? America?

Give it for free!"
Morrowind,What year is that Mac from?
tifu,"Scottish person here - on a video call, a friend in America showed me some cute redecorating she had done in her bedroom. I described it as 'homely', and got a big ol' ""Fuck you!"" in response.

I was only trying to say her room looked nice :("
ukpolitics,"Excuse me, I think you mean MISTAHPEETABOOONE"
dogelore,"If it's the guy I think you're talking about, yeah he's been pretty clear that he's not trans. He's a man who enjoys his feminine side too and people are making a leap.

End of the day, however you present yourself and whatever you discover yourself to be, is valid. But you're the only person able to make that determination, not others."
millionairemakers,Worth a go :3
dogelore,le r/patientgamers have arrived
YourJokeButWorse,:(
ukpolitics,"Hell, even if Parliament does come back full force in the future, I'm predicting a long five years for Boris at the dispatch box. A braying crowd won't change Starmer's points... although he may need to shout them a little louder."
insaneparents,That fucking emoji though
ukpolitics,"Yasssss!

We're winning the square-go"
whowouldwin,Not to mention that Shrek doesn't have any sharp tools at his disposal.
entj,"Introspection is important, but you're blaming yourself for her cheating. She could have told you all this - instead she brings it out after she's been caught. It's a deflection of blame."
Guitar,"I'm like a fuckin' one-man band!

I'm like a fuckin' one-man BAAAAAAAAND"
ukpolitics,I don't know what strange reality we have entered into where the right-wing press has a regular go at a Tory PM but I'll take it.
ableton,"If this is true then I'm very surprised. Anecdotally I would have always said that Ableton was the more optimised. Not to mention it doesn't run hot, whereas Logic absolutely does."
TrueSTL,I already am biting on the muatra all of the time. The name of this muatra is ALMSIVI.
mbti,"Ah yes, r/ENTJ"
ukpolitics,The my search is over! Much appreciated :)
ukpolitics,"I'll take it! That's for Scotland specifically, yeah? In BoJo's speech there he said the national number seemed to be between 0.5 and 0.9, possibly closer to the latter."
ukpolitics,Ah that's exactly what I was looking for! Thank you.
ukpolitics,"Thank you, although in truth I was looking for a comparison that treats England as a whole rather than splits it up. I've seen the regional stuff before but I was hoping for a country-wide picture, if you get what I mean."
ukpolitics,Don't suppose you know the current R in Scotland? I looked yesterday but all I got was that it was above 1.
ukpolitics,If you have some stats I'd love to see them because I've had a hard time finding any comparison info between the UK nations.
livesound,"I've been trying to think of how live music can go ahead with social distancing in place, but it seems almost impossible. Running a venue at half capacity surely can't be feasible, not to mention there's little chance of distancing actually happening. Then there's the issue of people constantly touching the same pieces of equipment, and then a busy bar could potentially spread the disease too.

It seems to me that the only thing that can be done for the industry is ongoing financial support until the crisis ends."
ukpolitics,"Speak for yourself, I was born in the 90s and thus don't remember World War II at all!"
ukpolitics,You're not very good at this trolling thing.
keming,Re-due? But you already paid once! D:
ukpolitics,20k.
politics,I'm so glad this is a whitelisted source.
ukpolitics,Certainly very possible in many situations.
ukpolitics,"There isn't a legal obligation to pay the remaining 20% right now, but that's not to say it won't be introduced when the government subsidy drops to 60%."
ukpolitics,"For people who aren't financially poor, it definitely seems reasonable. And I would hope that there might already be some money in the bank for this type of thing?"
ukpolitics,"Not the person you replied to but I imagine since we'd all be paying for it, shouldn't be too much right? Couple of pence? 

Or if it was only locally-funded... I'd be happy enough with sticking in a few quid extra per month. Don't think I'd wanna pay more than an extra Â£15."
MemriTVmemes,"Plus the guy seems to love Tommy Robinson, nuff said."
HydroHomies,Kinda surprised more people didn't make the connection.
askmusic,"I believe Beirut self-publish on a record label, which is possibly why the songs aren't quite so widely-pushed."
ukpolitics,"I wouldn't go that far. An uptick, sure, but we'll still be locked down in a few weeks and I still believe the majority will follow the rules. The previous peak was largely pre-lockdown cases. Even if 10% of the population went out now that would still be far less than previously.

Not to mention that even if we did just simply open up (which we won't - we've already been informed of ongoing restrictions), you would have to add several weeks onto *that* for the effects to materalise. So you'd be looking at maybe... a month or more before that hypothetical peak?"
KemperProfiler,"I use an MS-3 so I assume it's a similar deal - works great for me. CCs control the effects, and you can switch rigs too. You might want to look into under what circumstances you can send PC messages to navigate rigs, but I'd be surprised if you couldn't do it per footswitch."
gamingsuggestions,Wrong sub.
gamingsuggestions,"Elder Scrolls Morrowind might be a good one. You can collect alchemical equipment, make all sorts of potions, learn the properties of a vast array of ingredients. There are also techniques that can be exploited to make your character godlike.

Morrowind also has spellmaking and enchanting - while you asked specifically about alchemy, those systems are similarly fun to experiment with.

Also to note, Oblivion's system isn't dissimilar to Morrowind. Skyrim is a little bit watered-down.

Finally, Miasmata I believe is very heavily into the whole 'collect and mix' thing, but I couldn't get into it myself."
okbuddyretard,/ur for a second... is that not Dan Bilzerian?
gamingsuggestions,I second both of these! Very charming.
ukpolitics,Excellent move!
teslore,"I think they could do with more crazy lore, and a crazier setting. 

Give me something new along the lines of mushroom houses, silt striders, muatras, and giant brass gods and I will CHIM all over this game."
AskALiberal,It's the obvious answer. I don't think it's fair to call everyone 'predictable' because of it.
DnD,"Cheers! I definitely intend to streamline the mechanics a bit, I'm not even sure I've dealt with encumberance or exhaustion myself..."
DnD,Haha! That is some motivation.
DnD,"I appreciate the kind words, and the good advice!

Regarding 'KISS' - in my previous games, I recall that the DM sometimes ignored a gameplay element or two for the sake of not addling my poor newbie brain with too many concepts at once. Reckon that's a good strategy? I get the sense that my friends, like me, are going to be in it for the roleplay and narrative anyway."
DnD,"Wow, what a great list, thanks so much! And I like your idea of giving a kind of smorgasbord of D&D flavours to give the players a taste of a full adventure."
DnD,"Is there a particular one you'd recommend? My friends are looking for something that can be done in one session, but maybe I can convince em to stretch it to a couple! :)"
DnD,"Cheers, I'll delve straight in!"
DnD,That's a great idea! I was actually considering watching that Matthew Mercer/Stephen Colbert video again for inspiration. Obviously the former is a pro but what a great one-shot that was.
Bossfight,Nobody tell Farfour.
politics,"I can keep abreast of politics on both sides of the pond, it's not very challenging."
politics,"Certainly beats the rather unstylish ""/s""."
politics,I frankly don't care. Read the title of this post and tell me he'd be worse.
politics,"Meh, I can't vote (Scottish) but hopefully it gets through to the people who are just gonna let this guy have another four years in office. The guy is basically able to do what he likes unimpeded now so this is all you got."
politics,You're preaching to the choir. I had hoped the alternating capital letters might have indicated my sarcasm and mockery of the position...
politics,BiDeN wOuLd Be JuSt As BaD
DecidingToBeBetter,Won't beat around the bush - I *do* want a partner. But not having one means that's one less person to worry over. Silver linings.
ukpolitics,"I like us showing our appreciation and getting some levity and community spirit.

This doesn't address the major problems we face, I don't think anyone is under that illusion. But it feels at least like something I can actively *do* while I'm powerless to do anything else at home. It's not like I can deliver PPE or donate a ventilator.

Edit: Guess someone wasn't too happy with my viewpoint huh? Well please do feel free to tell me what I should be doing instead because as far as I can see, other than delivering medication and helping my vulnerable grandfather, I can't do jack shit. You can bemoan the clapping all you want but what the fuck else can we do?"
ukpolitics,"Very well said. Thank you for all you're doing - I've always considered those who work in the NHS as heroes, and it's all the more true now."
ukpolitics,"He did, yes. Stood at the door of Number 10."
ukpolitics,"My point wasn't about timescale, it was about the need to wait til we get results."
ukpolitics,"While that's encouraging, it's just not something we can entertain til there's a concluded study showing effectiveness. It's the same with vaccines, really - plenty of promising research happening right now but we're still far away from a viable solution."
ukpolitics,"Not that I'm aware. But why would we use something if we don't know if it works? If trials prove it works, great. Until then, we shouldn't be talking about it."
EliteDangerous,"Hm, I suppose it could have been a lack of pads! The message didn't say, unfortunately.

I appreciate all the advice from yourself and the others here. I've done my best to read up but there's a lot of stuff I still don't understand, so thank you for the info :)"
EliteDangerous,Am I right in assuming that doesn't include the place you got the mission? I tried to dock at Murray Platform (where I accepted the mission) and my docking request was denied.
EliteDangerous,"Thank you! I'll be more thorough in the future. I just saw the combat difficulty and thought ""ah yeah I can manage that"". :)"
EliteDangerous,Ah dang... I accepted an illegal mission didn't I? I usually try to filter those out. What should I do?
Scotland,"Another issue is that even if you heard her reasons for going and decided ""ah yeah that's fair enough"", the damage is done in terms of the optics. 

I've been asking myself, though, whether a change in personnel would be helpful during what is, by all accounts, the critical two weeks (at least) in flattening the curve. I don't know Sturgeon's rationale for keeping her on but I suspect she's had the same thought when making her decision.

Then again, I don't want ""we're in a crisis"" to be the justification for not ever removing someone, because that's a dangerous precedent."
ukpolitics,"While a ban might be possible, I actually think it's more likely that this could be a bluff to scare people into following the rules that they're not really able to enforce with policing. With the opposition being on board, it also makes the threat seem credible."
ukpolitics,Sensible choice and a good foundation for getting that broad church back.
AskALiberal,"I care a great deal about civility, and I think that when someone doesn't, they erode the whole discourse and everyone is brought down as a result.

I'm sure there are many examples where not being civil was the key to success and societal change, but if we're talking day-to-day, I would want respectful dialogue."
ukpolitics,"We have a lot of people deserving of honours for being on the front lines of this. When all this is over I hope she's recognised for her sacrifice, as well as her living colleagues."
Bossfight,"What do you call a bear with no face?

Anything you like; he can't eat you!"
ukpolitics,"Y'know, I often think, no matter how bad things may get here - both in terms of this crisis, and our politics in general - at least we don't have THAT guy as our leader."
ukpolitics,"Nah, I don't wish ill health on anyone. Personally I hope he has a long and happy life... far, far away from UK politics."
ukpolitics,"Get well soon, you bastard!"
ukpolitics,"Did you mean to respond to a different comment? All I did was explain about how the phrase ""old man's friend"" works."
ukpolitics,"I think the implication is that when an old person gets pneumonia, they're likely to die from it. It's a common way for people to go and I suppose it links to the idea of the disease 'helping someone' to pass on.

It's an old saying, and medicine has come a long way since, but that's your answer. Diseases are, of course, not our friends."
ukpolitics,I swear that thing gubbed my first PS2.
dogelore,"""Wanna see me run to that rock and back?""

...

""Wanna see me do it again?"""
Scotland,Ah class! I was hoping we'd get a wee team on the go. I'm in.
ukpolitics,"I'm a little bit worried, but we can't hide from the truth. If it's revealed someone has the virus we can't change that; the information is a benefit regardless."
ukpolitics,"You don't have to like the guy to wish him a speedy recovery.

>He will still be in charge of the government's handling of the crisis, the statement added."
politics,"I'm not sure but I can't think of any others. Justin Trudeau self-isolated when his wife became sick, but I'm not even sure if she had it."
worldbuilding,Cuthbert Calculus!
mentalhealth,"Thank you so much for your reply. Yes, I've been very cautious - it makes me mad to think that I could do everything right and someone could still endanger my family. I can't distance myself too much from my parents but others have said it's unlikely I've caught anything. But I'm going to stop leaving the house entirely for a while."
ukpolitics,"If every lefty left the left, there would be no left left."
Scotland,"Goodness no! I didn't mean to imply some kind of attitude of 'sticking it' to anyone. But we're a community and I just want a wee bit of confidence that we might be able to look out for each other. It shouldn't matter but I didn't even vote Yes at the last referendum. 

I'm really trying to strike a positive note here, because the alternative is I'll keep having anxiety attacks about this."
Scotland,"I'm not kidding - I am of course aware of that but I'm also seeing many action groups of facebook and people genuinely helping. The fish man came round and sanitised his hands as he stepped out his van; I've had two notes round the door notifying me of volunteer groups able to help vulnerable people; there are online communities advising each other, making deliveries for those who can't leave; people making efforts to get food from restaurants forced into becoming takeaways.

I know there are dickheads up here just like there are down south. But I'm also seeing a lot of good people stepping up. When this panic buying abates (and genuinely, where I am in Scotland it doesn't seem to be as bad at least), more and more will look after others. I have to believe that because life is about to get grim and I want to have faith in our people to do the right thing."
Scotland,"Oh yeah, I didn't mean to imply that everyone *must* go and volunteer - clearly given your situation you're better off staying put. Hope said person has a change of tune.

EDIT: I read your other comment to me. I agree, it's a precarious situation and there are no easy answers."
Scotland,"Perhaps not, my friend, but it's what's keeping me going right now. I'm taking this weekend to mentally recuperate then it's straight into volunteering. We can't control the actions of others but with more of us doing good work, that changes the culture in a big way! Stay safe and have faith. :)"
Scotland,"If we play this right - and I know it seems to be happening in my area - we'll prove to the world that Scotland is a nation of people who look out for one another, and learn that we have those qualities in ourselves.

Remains to be seen but I have faith. Our country has its bad spots but we are a community in the end."
politics,"No, that's true. My point was from a different angle. More people die from the flu, right, but then we KNOW how the numbers and generally speaking a country should be able to accommodate what comes in. But then you add this virus on top, and THAT'S where the danger is. It's the flu, the virus, and all the other things that might happen on top which carries a huge risk."
politics,"I mean, I just said back what the guy above me said (""I dont think you understand""). I don't think that was any more dickish than they were being, and I should point out that I'm not the same user as that who the parent comment is replying to. Just wanted to note that.

And I don't think I'm wrong in pointing out that this risks overwhelming our health services, and that we don't have the various kinds of protections we have against the flu. This IS bad, and perhaps the severity is low to the general population... I mean shit dude. We're heading for a really dark place and I'm terrified. My mum's operation has already been cancelled."
politics,I don't think you understand 'health service capacity' and 'infection rate'. This shit is bad.
Scotland,You're doing the right thing. Thank you.
livesound,"On the plus side, my stock of 9Vs will remain at a healthy level for months!"
fashionsouls,"Pentagon... hacked

CIA... hacked

Bloodborne... hacked"
fashionsouls,"Bloodborne is a PS4 exclusive though, right? How did you manage to make the changes to a console game?"
KemperProfiler,When you forget a semicolon...
dogelore,"Fortunately for me, I came here to shit my pants."
politics,It's funny how a previously sweet-looking photo of old people dancing now makes me nervous.
Morrowind,How will I get my ash yams now?
ukpolitics,"A lot of places have essentially implemented this already. I can only think of one event I still have on which would feature a densely-packed group of people.

EDIT: Got cancelled. Thank goodness."
darksouls3,"When you summon a naked guy, you know shit is about to get real."
TooAfraidToAsk,"It most likely would, yes. But setting aside the practicalities of implementing that, there's a reason you don't want to do that.

Essentially, this virus could come back to bite us in the future, and since our immune systems aren't geared to fight it, we'd have this problem all over again. Instead, what we need is herd immunity, which means that enough of us have had the virus and beat it, and thus it can't spread as easily any more.

So, in order to stop this thing, we have to limit the spread, but also spread out the infections over a longer period. This'll help health services cope, and by the time winter rolls around, the virus won't pose the same threat because a bunch of us have beaten it, and there could be a vaccine available."
ukpolitics,"I'm no supporter of the government normally, but I do think they're handling this right. I've heard the justifications as to why we're doing what we're doing, they're listening to the scientists, it's a good sign.

But it's down to us, too. We're all in this together. Best of luck all."
ukpolitics,CORONAVIRUS SURGE
Minecraft,SOISOISOISOISOISOISOISOI
BossfightUniverse,This is what happens when you go out of bounds.
entj,I do. And music is the only thing that emotionally moves me and makes me cry.
audioengineering,"There is a moment in the 1975's 'Chocolate' where the vocal autotune rather jarringly over-corrects. In fact, I can't recall offhand but it's even possible it glitches a little."
politics,"You better give us your money for the general, Mike."
mbti,I care about your soap. Ê•ã£â€¢á´¥â€¢Ê”ã£
insaneparents,A fiver says a porn movie with this exact plot already exists.
GuitarAmps,I used to have this! I don't recall much about it save for its great clean sound.
politics,Sure! I'd be interested.
AskALiberal,Thank you :)
AskALiberal,"So you can't explain it, got it. 

Thanks for breaking rule 2 before I did, I was getting worried there!"
AskALiberal,"Alright, how about you explain how you reached the conclusion you did from the respondent's comment? Because from where I'm sitting you just had a go at the guy for simply saying Trump was good at the debates in terms of soundbite generation."
jazzcirclejerk,*jazz music starts*
AskALiberal,"You called the guy anti-American and only caring about soundbites, which isn't what they said at all. You just took their comment and made a conclusion about them."
AskReddit,The same applies to care homes too. It's a real shame.
politics,You met him? What was the context? What was he like?
AskALiberal,You took a comment about Trump being able to produce good soundbites in debates and basically told the respondent that they were an awful person. The fact your comment was removed speaks volumes.
AskALiberal,That's an unreasonable response to a perfectly reasonable answer.
ukpolitics,[The RSPCA seems to have some concerns that we might diminish those standards.](https://www.rspca.org.uk/whatwedo/endcruelty/changingthelaw/brexit)
AskALiberal,"""get me in the screenshot"""
ukpolitics,I'm glad the EU are pushing the food standards; this is one of my bigger Brexit worries.
